TRUNCATE TABLE  `ontologize_collection`;
TRUNCATE TABLE  `ontologize_term`;
TRUNCATE TABLE  `ontologize_context`;
TRUNCATE TABLE  `ontologize_ontology`;
TRUNCATE TABLE  `ontologize_ontology_taxongroup`;
TRUNCATE TABLE  `ontologize_status`;
TRUNCATE TABLE  `ontologize_ontologyclasssubmission`;
TRUNCATE TABLE	`ontologize_ontologyclasssubmission_synonym`;
TRUNCATE TABLE	`ontologize_ontologyclasssubmission_partof`;
TRUNCATE TABLE	`ontologize_ontologyclasssubmission_superclass`;
TRUNCATE TABLE	`ontologize_ontologysynonymsubmission`;
TRUNCATE TABLE	`ontologize_ontologysynonymsubmission_synonym`;
TRUNCATE TABLE	`ontologize_ontologyclasssubmission_status`;
TRUNCATE TABLE	`ontologize_ontologysynonymsubmission_status`;

INSERT INTO `ontologize_ontology` (`id`, `iri`, `name`, `acronym`, `browse_url`, `collection`, `created`) VALUES (1, 'http://purl.obolibrary.org/obo/pato.owl', 'Phenotypic Quality Ontology', 'PATO', 'http://www.ontobee.org/browser/index.php?o=PATO', -1, '2015-04-09 16:29:38');
INSERT INTO `ontologize_ontology` (`id`, `iri`, `name`, `acronym`, `browse_url`, `collection`, `created`) VALUES (2, 'http://purl.obolibrary.org/obo/ro.owl', 'The OBO Relations Ontology', 'RO', 'http://www.ontobee.org/browser/index.php?o=RO', -1, '2015-04-09 16:31:00');
INSERT INTO `ontologize_ontology` (`id`, `iri`, `name`, `acronym`, `browse_url`, `collection`, `created`) VALUES (3, 'http://purl.obolibrary.org/obo/bspo.owl', 'Biological Spatial Ontology', 'BSPO', 'http://www.ontobee.org/browser/index.php?o=BSPO', -1, '2015-04-09 16:31:29');
INSERT INTO `ontologize_ontology` (`id`, `iri`, `name`, `acronym`, `browse_url`, `collection`, `created`) VALUES (4, 'http://purl.obolibrary.org/obo/hao.owl', 'Hymenoptera Anatomy Ontology', 'HAO', 'http://www.ontobee.org/browser/index.php?o=HAO', -1, '2015-04-09 16:32:03');
INSERT INTO `ontologize_ontology` (`id`, `iri`, `name`, `acronym`, `browse_url`, `collection`, `created`) VALUES (5, 'http://purl.obolibrary.org/obo/po.owl', 'Plant Ontology', 'PO', 'http://www.ontobee.org/browser/index.php?o=PO', -1, '2015-04-09 16:33:10');
INSERT INTO `ontologize_ontology` (`id`, `iri`, `name`, `acronym`, `browse_url`, `collection`, `created`) VALUES (6, 'http://purl.obolibrary.org/obo/poro.owl', 'Porifera Ontology', 'PORO', 'http://www.ontobee.org/browser/index.php?o=PORO', -1, '2015-04-09 16:33:49');
INSERT INTO `ontologize_ontology` (`id`, `iri`, `name`, `acronym`, `browse_url`, `collection`, `created`) VALUES (7, 'http://purl.obolibrary.org/obo/uberon.owl', 'Uber Anatomy Ontology', 'UBERON', 'http://www.ontobee.org/browser/index.php?o=UBERON', -1, '2015-04-09 16:31:29');
INSERT INTO `ontologize_ontology` (`id`, `iri`, `name`, `acronym`, `browse_url`, `collection`, `created`) VALUES (8, 'http://purl.obolibrary.org/obo/caro/src/caro.obo.owl', 'Common Anatomy Reference Ontology', 'CARO', 'http://www.ontobee.org/browser/index.php?o=CARO', -1, '2015-04-09 16:31:29');
INSERT INTO `ontologize_ontology` (`id`, `iri`, `name`, `acronym`, `browse_url`, `collection`, `created`) VALUES (9, 'http://purl.obolibrary.org/obo/cl.owl', 'Cell Ontology', 'CL', 'http://www.ontobee.org/browser/index.php?o=CL', -1, '2015-04-09 16:31:29');
INSERT INTO `ontologize_ontology` (`id`, `iri`, `name`, `acronym`, `browse_url`, `collection`, `created`) VALUES (10, 'http://purl.obolibrary.org/obo/envo.owl', 'Environment Ontology', 'ENVO', 'http://www.ontobee.org/browser/index.php?o=ENVO', -1, '2015-04-09 16:31:29');
INSERT INTO `ontologize_ontology` (`id`, `iri`, `name`, `acronym`, `browse_url`, `collection`, `created`) VALUES (11, 'http://purl.obolibrary.org/obo/go.owl', 'Gene Ontology', 'GO', 'http://www.ontobee.org/browser/index.php?o=GO', -1, '2015-04-09 16:31:29');
INSERT INTO `ontologize_ontology` (`id`, `iri`, `name`, `acronym`, `browse_url`, `collection`, `created`) VALUES (12, 'http://purl.obolibrary.org/obo/chebi.owl', 'Chemical Entities of Biological Interest Ontology', 'CHEBI', 'http://www.ontobee.org/browser/index.php?o=CHEBI', -1, '2015-04-09 16:31:29');


INSERT INTO `ontologize_ontology_taxongroup` (`ontology`, `taxongroup`) VALUES (1, 'ALGAE');
INSERT INTO `ontologize_ontology_taxongroup` (`ontology`, `taxongroup`) VALUES (1, 'CNIDARIA');
INSERT INTO `ontologize_ontology_taxongroup` (`ontology`, `taxongroup`) VALUES (1, 'FOSSIL');
INSERT INTO `ontologize_ontology_taxongroup` (`ontology`, `taxongroup`) VALUES (1, 'GASTROPODS');
INSERT INTO `ontologize_ontology_taxongroup` (`ontology`, `taxongroup`) VALUES (1, 'HYMENOPTERA');
INSERT INTO `ontologize_ontology_taxongroup` (`ontology`, `taxongroup`) VALUES (1, 'PLANT');
INSERT INTO `ontologize_ontology_taxongroup` (`ontology`, `taxongroup`) VALUES (1, 'PORIFERA');
INSERT INTO `ontologize_ontology_taxongroup` (`ontology`, `taxongroup`) VALUES (2, 'ALGAE');
INSERT INTO `ontologize_ontology_taxongroup` (`ontology`, `taxongroup`) VALUES (2, 'CNIDARIA');
INSERT INTO `ontologize_ontology_taxongroup` (`ontology`, `taxongroup`) VALUES (2, 'FOSSIL');
INSERT INTO `ontologize_ontology_taxongroup` (`ontology`, `taxongroup`) VALUES (2, 'GASTROPODS');
INSERT INTO `ontologize_ontology_taxongroup` (`ontology`, `taxongroup`) VALUES (2, 'HYMENOPTERA');
INSERT INTO `ontologize_ontology_taxongroup` (`ontology`, `taxongroup`) VALUES (2, 'PLANT');
INSERT INTO `ontologize_ontology_taxongroup` (`ontology`, `taxongroup`) VALUES (2, 'PORIFERA');
INSERT INTO `ontologize_ontology_taxongroup` (`ontology`, `taxongroup`) VALUES (3, 'ALGAE');
INSERT INTO `ontologize_ontology_taxongroup` (`ontology`, `taxongroup`) VALUES (3, 'CNIDARIA');
INSERT INTO `ontologize_ontology_taxongroup` (`ontology`, `taxongroup`) VALUES (3, 'FOSSIL');
INSERT INTO `ontologize_ontology_taxongroup` (`ontology`, `taxongroup`) VALUES (3, 'GASTROPODS');
INSERT INTO `ontologize_ontology_taxongroup` (`ontology`, `taxongroup`) VALUES (3, 'HYMENOPTERA');
INSERT INTO `ontologize_ontology_taxongroup` (`ontology`, `taxongroup`) VALUES (3, 'PLANT');
INSERT INTO `ontologize_ontology_taxongroup` (`ontology`, `taxongroup`) VALUES (3, 'PORIFERA');
INSERT INTO `ontologize_ontology_taxongroup` (`ontology`, `taxongroup`) VALUES (4, 'HYMENOPTERA');
INSERT INTO `ontologize_ontology_taxongroup` (`ontology`, `taxongroup`) VALUES (5, 'PLANT');
INSERT INTO `ontologize_ontology_taxongroup` (`ontology`, `taxongroup`) VALUES (6, 'PORIFERA');

INSERT INTO `ontologize_status` (`id`, `name`, `created`) VALUES (1, 'accepted', '2015-04-21 10:57:55');
INSERT INTO `ontologize_status` (`id`, `name`, `created`) VALUES (2, 'pending', '2015-04-21 10:58:05');
INSERT INTO `ontologize_status` (`id`, `name`, `created`) VALUES (3, 'rejected', '2015-04-21 10:58:13');
